OS_STATUS,OS_MONTHS,Adjuvant Chemo,Age,IS_MALE,Stage_IA,Stage_IB,Stage_II,Stage_III,Histology_Adenocarcinoma,Histology_Adenosquamous Carcinoma,Histology_Large Cell Carcinoma,Histology_Squamous Cell Carcinoma,Race_African American,Race_Asian,Race_Caucasian,Race_Native Hawaiian or Other Pacific Islander,Race_Unknown,Smoked?_No,Smoked?_Unknown,Smoked?_Yes
0,62.4,OBS,51.0,1,False,True,False,False,True,False,False,False,False,False,True,False,False,False,False,True
0,57.7315068493151,OBS,82.0,0,False,True,False,False,False,False,False,True,False,False,False,False,True,False,True,False
0,41.64,OBS,73.26,0,False,False,True,False,False,False,False,True,False,False,False,False,True,False,False,True
0,64.52,OBS,68.0,1,False,True,False,False,True,False,False,False,False,False,False,False,True,True,False,False
0,72.72,OBS,68.14,0,False,True,False,False,True,False,False,False,False,False,False,False,True,False,False,True
1,19.0,ACT,75.0,1,False,False,False,True,True,False,False,False,False,False,True,False,False,False,False,True
1,8.61369863013699,OBS,55.0,0,False,False,False,True,False,False,False,True,False,False,False,False,True,False,True,False
1,17.7534246575342,OBS,61.0,0,True,False,False,False,False,False,False,True,False,False,False,False,True,False,True,False
0,103.4,OBS,65.0,1,False,True,False,False,True,False,False,False,False,False,False,False,True,False,False,True
0,71.8,OBS,65.0,1,True,False,False,False,True,False,False,False,False,False,True,False,False,False,False,True
1,25.841095890411,OBS,79.0,1,False,False,False,True,False,False,False,True,False,False,False,False,True,False,True,False
0,73.08,OBS,74.4,1,False,False,True,False,False,False,False,True,False,False,False,False,True,False,True,False
1,3.55068493150685,OBS,61.0,1,False,False,False,True,False,False,False,True,False,False,False,False,True,False,True,False
0,50.0,OBS,65.0,0,False,True,False,False,True,False,False,False,False,False,True,False,False,False,False,True
0,62.8931506849315,OBS,73.0,1,True,False,False,False,False,False,False,True,False,False,False,False,True,False,True,False
1,56.0,OBS,68.0,0,True,False,False,False,True,False,False,False,False,False,False,False,True,False,False,True
1,19.08,OBS,63.5,0,True,False,False,False,True,False,False,False,False,False,False,False,True,False,True,False
0,59.86,OBS,55.0,0,True,False,False,False,True,False,False,False,False,False,False,False,True,True,False,False
0,55.627397260274,OBS,57.0,0,False,False,True,False,False,False,False,True,False,False,False,False,True,False,True,False
0,61.07,OBS,59.0,1,False,True,False,False,True,False,False,False,False,False,False,False,True,False,False,True
0,77.52,OBS,76.93,1,False,True,False,False,True,False,False,False,False,False,False,False,True,False,False,True
0,100.72,OBS,47.0,1,True,False,False,False,True,False,False,False,False,False,False,False,True,False,False,True
0,94.5534246575343,OBS,71.0,0,False,False,True,False,False,False,False,True,False,False,False,False,True,False,True,False
1,32.0876712328767,OBS,70.0,1,False,False,True,False,False,False,False,True,False,False,False,False,True,False,True,False
0,34.3,OBS,64.0,1,False,True,False,False,True,False,False,False,False,False,False,False,True,False,False,True
0,75.0,OBS,75.0,1,False,True,False,False,True,False,False,False,False,False,False,False,True,False,False,True
1,2.4,OBS,71.0,1,False,False,False,True,True,False,False,False,False,False,True,False,False,False,False,True
1,23.06,OBS,66.0,1,False,False,True,False,True,False,False,False,False,False,False,False,True,False,False,True
0,43.0,ACT,71.0,1,False,False,False,True,True,False,False,False,False,False,True,False,False,False,False,True
0,162.45,OBS,62.0,1,False,True,False,False,False,False,False,True,False,False,False,False,True,False,True,False
0,64.5041095890411,OBS,68.0,0,False,False,True,False,False,False,False,True,False,False,False,False,True,False,True,False
1,79.5,OBS,67.0,1,True,False,False,False,True,False,False,False,False,False,True,False,False,False,False,True
1,75.73,OBS,68.0,0,False,True,False,False,True,False,False,False,False,False,True,False,False,True,False,False
0,47.5,OBS,57.0,0,True,False,False,False,True,False,False,False,False,False,False,False,True,True,False,False
0,60.28,OBS,56.0,0,True,False,False,False,True,False,False,False,False,False,False,False,True,True,False,False
0,51.45,OBS,64.0,0,False,True,False,False,True,False,False,False,False,False,False,False,True,True,False,False
1,57.48,OBS,69.43,0,False,True,False,False,True,False,False,False,False,False,False,False,True,False,False,True
0,64.14,OBS,77.0,0,True,False,False,False,True,False,False,False,False,False,True,False,False,False,True,False
0,90.24,OBS,68.15,0,True,False,False,False,True,False,False,False,False,False,False,False,True,False,False,True
0,64.2082191780822,OBS,59.0,1,False,False,False,True,False,False,False,True,False,False,False,False,True,False,True,False
1,71.0,ACT,56.0,0,False,False,True,False,True,False,False,False,False,False,False,False,True,False,False,True
1,33.1068493150685,OBS,78.0,1,False,False,True,False,False,False,False,True,False,False,False,False,True,False,True,False
1,26.2684931506849,OBS,83.0,1,False,False,True,False,False,False,False,True,False,False,False,False,True,False,True,False
0,61.2,OBS,70.82,0,False,True,False,False,True,False,False,False,False,False,False,False,True,False,False,True
0,95.7,OBS,64.0,0,False,True,False,False,True,False,False,False,False,False,False,False,True,True,False,False
1,26.0,ACT,64.0,1,False,False,False,True,True,False,False,False,False,False,True,False,False,False,False,True
1,59.0,OBS,59.0,1,True,False,False,False,True,False,False,False,False,False,True,False,False,False,False,True
1,7.62739726027397,OBS,55.0,1,False,True,False,False,False,False,False,True,False,False,False,False,True,False,True,False
0,87.75,OBS,61.0,0,False,True,False,False,True,False,False,False,False,False,False,False,True,True,False,False
0,76.44,OBS,79.71,1,False,True,False,False,True,False,False,False,False,False,False,False,True,False,False,True
1,5.88493150684931,OBS,72.0,1,False,True,False,False,False,False,False,True,False,False,False,False,True,False,True,False
1,48.36,OBS,73.93,0,False,True,False,False,True,False,False,False,False,False,False,False,True,True,False,False
0,130.56,OBS,75.03,1,False,True,False,False,True,False,False,False,False,False,False,False,True,False,False,True
1,79.54,ACT,51.0,0,False,False,False,True,True,False,False,False,False,False,True,False,False,True,False,False
0,57.6,OBS,82.0,0,True,False,False,False,False,False,False,True,False,False,False,False,True,False,True,False
1,9.0,OBS,66.0,1,False,False,True,False,True,False,False,False,False,False,False,False,True,False,False,True
0,62.04,OBS,60.79,1,False,True,False,False,True,False,False,False,False,False,False,False,True,False,False,True
0,80.28,OBS,68.66,0,False,False,True,False,True,False,False,False,False,False,False,False,True,True,False,False
0,18.56,OBS,64.0,1,False,True,False,False,True,False,False,False,False,False,False,False,True,False,False,True
1,9.63,OBS,75.0,0,False,False,True,False,True,False,False,False,False,False,True,False,False,False,False,True
1,14.5,OBS,70.0,1,False,False,False,True,True,False,False,False,False,False,False,False,True,False,True,False
1,0.43,OBS,77.0,1,False,True,False,False,True,False,False,False,False,False,True,False,False,False,False,True
1,15.34,OBS,61.0,0,False,True,False,False,False,False,False,True,False,False,False,False,True,False,True,False
1,6.72,OBS,68.95,0,False,True,False,False,True,False,False,False,False,False,False,False,True,False,False,True
1,14.16,OBS,66.5,1,False,False,True,False,False,False,True,False,False,False,False,False,True,False,True,False
1,9.23,OBS,76.0,0,False,True,False,False,True,False,False,False,False,False,False,False,True,False,True,False
0,46.55,OBS,69.0,1,True,False,False,False,True,False,False,False,False,False,False,False,True,False,False,True
0,61.1835616438356,OBS,73.0,1,False,True,False,False,False,False,False,True,False,False,False,False,True,False,True,False
0,78.1479452054795,OBS,71.0,1,False,False,True,False,False,False,False,True,False,False,False,False,True,False,True,False
0,65.64,OBS,56.0,1,False,True,False,False,True,False,False,False,False,False,False,False,True,False,False,True
0,84.36,OBS,57.31,1,False,True,False,False,False,False,False,True,False,False,False,False,True,False,False,True
0,26.87,OBS,60.0,1,True,False,False,False,True,False,False,False,False,False,False,False,True,False,False,True
0,49.8,OBS,62.0,0,True,False,False,False,True,False,False,False,False,False,False,False,True,True,False,False
0,82.32,OBS,58.1,0,False,False,True,False,False,False,False,True,False,False,False,False,True,False,True,False
1,39.36,OBS,64.0,1,False,True,False,False,True,False,False,False,False,False,True,False,False,False,False,True
0,98.76,ACT,65.7,0,True,False,False,False,True,False,False,False,False,False,False,False,True,False,True,False
0,87.65,OBS,64.0,1,False,False,True,False,True,False,False,False,False,False,False,False,True,False,False,True
0,33.0,OBS,55.0,0,False,False,True,False,True,False,False,False,False,False,True,False,False,False,False,True
0,78.72,OBS,83.65,0,False,False,True,False,True,False,False,False,False,False,False,False,True,False,False,True
0,71.2767123287671,OBS,46.0,1,False,False,True,False,False,False,False,True,False,False,False,False,True,False,True,False
1,14.59,OBS,58.0,0,False,False,False,True,False,False,False,True,False,False,False,False,True,False,True,False
0,30.0,OBS,80.0,0,True,False,False,False,True,False,False,False,False,False,True,False,False,False,False,True
1,115.8,ACT,52.0,0,False,False,True,False,True,False,False,False,False,False,True,False,False,False,False,True
0,25.2,OBS,74.0,0,True,False,False,False,True,False,False,False,False,False,True,False,False,False,False,True
1,9.36,OBS,67.9,1,True,False,False,False,False,False,False,True,False,False,False,False,True,False,True,False
1,24.0,ACT,54.0,1,False,False,False,True,True,False,False,False,False,False,True,False,False,False,False,True
0,60.6904109589041,OBS,61.0,1,False,False,True,False,False,False,False,True,False,False,False,False,True,False,True,False
0,60.36,ACT,56.5,0,False,False,True,False,True,False,False,False,False,False,False,False,True,False,True,False
1,8.61,ACT,67.0,1,False,False,False,True,True,False,False,False,False,False,True,False,False,False,False,True
0,69.2,OBS,54.0,0,True,False,False,False,True,False,False,False,False,False,True,False,False,False,False,True
0,45.17,OBS,76.0,1,True,False,False,False,True,False,False,False,False,False,False,False,True,False,False,True
0,73.98,OBS,52.0,0,False,True,False,False,True,False,False,False,False,False,False,False,True,True,False,False
0,153.3,OBS,65.0,0,True,False,False,False,True,False,False,False,False,False,True,False,False,False,False,True
0,90.0,ACT,51.0,0,False,True,False,False,True,False,False,False,False,False,False,False,True,False,False,True
1,34.1,OBS,39.0,0,True,False,False,False,True,False,False,False,False,False,False,False,True,False,False,True
0,60.1972602739726,OBS,72.0,0,False,True,False,False,False,False,False,True,False,False,False,False,True,False,True,False
1,19.6602739726027,OBS,57.0,0,False,True,False,False,False,False,False,True,False,False,False,False,True,False,True,False
1,40.0,OBS,68.0,1,False,True,False,False,True,False,False,False,False,False,True,False,False,False,False,True
1,69.01,OBS,57.0,0,False,True,False,False,True,False,False,False,True,False,False,False,False,False,True,False
0,62.1041095890411,OBS,79.0,0,True,False,False,False,False,False,False,True,False,False,False,False,True,False,True,False
0,44.0,OBS,63.0,0,True,False,False,False,True,False,False,False,False,False,True,False,False,True,False,False
0,59.76,OBS,50.0,1,True,False,False,False,True,False,False,False,False,False,False,False,True,False,False,True
0,23.0,OBS,64.0,1,False,True,False,False,True,False,False,False,False,False,False,False,True,False,False,True
1,45.24,ACT,70.0,1,False,True,False,False,True,False,False,False,False,False,True,False,False,False,False,True
1,122.17,ACT,62.0,1,False,False,True,False,True,False,False,False,False,False,False,False,True,False,True,False
0,39.06,OBS,61.0,1,True,False,False,False,True,False,False,False,False,False,False,False,True,False,False,True
0,53.35,OBS,56.0,0,True,False,False,False,True,False,False,False,False,False,False,False,True,True,False,False
0,109.79,OBS,69.0,0,False,True,False,False,True,False,False,False,False,False,False,False,True,True,False,False
1,15.18,ACT,60.0,1,False,False,True,False,False,False,False,True,False,False,False,False,True,False,True,False
1,17.74,OBS,58.0,1,False,False,True,False,True,False,False,False,False,False,False,False,True,False,False,True
1,72.36,ACT,56.8,1,True,False,False,False,True,False,False,False,False,False,False,False,True,False,True,False
1,85.65,OBS,73.0,0,True,False,False,False,True,False,False,False,False,False,True,False,False,False,False,True
0,102.082191780822,OBS,54.0,1,True,False,False,False,False,False,False,True,False,False,False,False,True,False,True,False
1,3.58,OBS,55.0,0,False,True,False,False,False,False,False,True,False,False,False,False,True,False,True,False
0,42.0,OBS,62.0,0,False,True,False,False,True,False,False,False,False,False,True,False,False,False,False,True
1,28.0438356164384,OBS,67.0,1,False,False,True,False,False,False,False,True,False,False,False,False,True,False,True,False
1,79.0,ACT,53.0,1,False,True,False,False,True,False,False,False,False,False,False,False,True,False,False,True
1,60.48,OBS,75.0,0,False,False,True,False,True,False,False,False,False,False,False,False,True,True,False,False
1,69.72,ACT,56.3,0,False,False,True,False,True,False,False,False,False,False,False,False,True,False,True,False
0,73.32,OBS,57.41,1,False,True,False,False,False,False,True,False,False,False,False,False,True,False,False,True
0,69.2,OBS,82.0,0,True,False,False,False,True,False,False,False,False,False,False,False,True,True,False,False
0,62.68,OBS,49.0,1,True,False,False,False,True,False,False,False,False,False,False,False,True,False,False,True
1,11.0,OBS,76.0,1,False,False,True,False,True,False,False,False,False,False,False,True,False,False,False,True
0,66.6,ACT,59.0,0,False,True,False,False,True,False,False,False,False,True,False,False,False,True,False,False
0,63.6,OBS,67.0,0,False,True,False,False,True,False,False,False,False,False,False,False,True,True,False,False
1,15.0,ACT,65.0,1,False,True,False,False,True,False,False,False,False,False,False,False,True,False,False,True
1,27.8794520547945,OBS,84.0,0,False,False,True,False,False,False,False,True,False,False,False,False,True,False,True,False
0,63.96,OBS,52.0,0,True,False,False,False,True,False,False,False,False,False,False,False,True,False,False,True
0,54.641095890411,OBS,59.0,1,False,False,True,False,False,False,False,True,False,False,False,False,True,False,True,False
0,79.14,OBS,56.0,1,True,False,False,False,True,False,False,False,False,False,False,False,True,False,False,True
0,61.73,OBS,60.0,0,False,False,True,False,True,False,False,False,False,False,False,False,True,True,False,False
1,120.5,OBS,62.0,1,True,False,False,False,True,False,False,False,False,False,False,False,True,False,True,False
0,62.16,OBS,67.29,0,False,True,False,False,False,False,False,True,False,False,False,False,True,False,False,True
1,27.9780821917808,OBS,64.0,1,False,True,False,False,False,False,False,True,False,False,False,False,True,False,True,False
0,130.8,OBS,57.0,0,True,False,False,False,True,False,False,False,False,False,True,False,False,False,True,False
1,4.76712328767123,OBS,78.0,1,False,False,True,False,False,False,False,True,False,False,False,False,True,False,True,False
0,112.29,OBS,66.0,1,False,False,True,False,False,False,False,True,False,False,False,False,True,False,True,False
1,57.12,ACT,62.0,0,False,False,True,False,True,False,False,False,False,False,False,False,True,False,True,False
1,27.66,OBS,57.0,0,False,False,True,False,True,False,False,False,False,False,True,False,False,False,False,True
0,97.77,OBS,68.0,1,False,True,False,False,True,False,False,False,False,False,False,False,True,False,False,True
0,82.2,OBS,63.63,0,False,False,True,False,False,False,False,True,False,False,False,False,True,False,False,True
1,71.52,OBS,75.68,0,False,True,False,False,True,False,False,False,False,False,False,False,True,True,False,False
1,74.08,OBS,66.0,1,False,False,False,True,False,False,False,True,False,False,False,False,True,False,True,False
0,77.16,OBS,71.92,0,False,True,False,False,False,False,True,False,False,False,False,False,True,False,False,True
0,43.27,OBS,55.0,1,True,False,False,False,True,False,False,False,False,False,False,False,True,False,False,True
0,162.6,OBS,62.0,0,True,False,False,False,True,False,False,False,False,False,True,False,False,False,False,True
1,2.5,OBS,69.0,1,False,True,False,False,False,False,True,False,False,False,False,False,True,False,True,False
1,21.71,ACT,70.0,0,False,False,True,False,False,False,False,True,False,False,False,False,True,False,True,False
0,55.8,OBS,78.0,1,True,False,False,False,True,False,False,False,False,False,True,False,False,False,False,True
1,12.7561643835616,OBS,64.0,1,False,False,True,False,False,False,False,True,False,False,False,False,True,False,True,False
0,105.0,OBS,68.0,0,False,True,False,False,True,False,False,False,False,False,False,False,True,False,False,True
0,53.7,OBS,63.0,1,False,True,False,False,True,False,False,False,False,False,True,False,False,False,False,True
1,19.42,OBS,51.0,0,False,True,False,False,True,False,False,False,False,False,False,False,True,False,True,False
1,92.6,OBS,71.0,1,False,False,False,True,True,False,False,False,False,False,True,False,False,False,False,True
0,70.08,OBS,62.9,0,False,False,True,False,True,False,False,False,False,False,False,False,True,False,False,True
1,67.9,OBS,58.0,1,False,False,True,False,True,False,False,False,False,False,True,False,False,False,False,True
0,70.56,OBS,64.3,1,True,False,False,False,False,False,False,True,False,False,False,False,True,False,True,False
0,148.16,OBS,61.0,0,False,True,False,False,False,False,False,True,False,False,False,False,True,False,True,False
1,30.3780821917808,OBS,59.0,1,False,True,False,False,False,False,False,True,False,False,False,False,True,False,True,False
0,167.48,ACT,48.0,0,True,False,False,False,False,False,True,False,False,False,False,False,True,False,True,False
0,62.75,OBS,56.0,0,True,False,False,False,True,False,False,False,False,False,False,False,True,False,False,True
1,36.3945205479452,OBS,71.0,0,False,True,False,False,False,False,False,True,False,False,False,False,True,False,True,False
0,7.95616438356164,OBS,55.0,0,False,False,True,False,False,False,False,True,False,False,False,False,True,False,True,False
0,64.75,OBS,47.0,0,True,False,False,False,True,False,False,False,False,False,False,False,True,True,False,False
0,63.76,OBS,52.0,1,True,False,False,False,True,False,False,False,False,False,False,False,True,False,False,True
0,50.04,OBS,61.13,1,True,False,False,False,True,False,False,False,False,False,False,False,True,False,False,True
1,42.04,OBS,62.0,1,True,False,False,False,True,False,False,False,False,False,True,False,False,False,True,False
0,64.0438356164384,OBS,65.0,0,True,False,False,False,False,False,False,True,False,False,False,False,True,False,True,False
0,56.88,ACT,69.4,0,True,False,False,False,False,False,False,True,False,False,False,False,True,False,True,False
0,65.87,OBS,52.0,1,False,False,True,False,True,False,False,False,False,False,False,False,True,False,False,True
1,4.7,OBS,56.0,1,False,False,False,True,False,False,False,True,False,False,False,False,True,False,True,False
1,44.186301369863,OBS,78.0,0,False,True,False,False,False,False,False,True,False,False,False,False,True,False,True,False
0,26.87,OBS,61.0,1,False,True,False,False,True,False,False,False,False,False,False,False,True,False,False,True
1,15.47,OBS,75.0,1,False,False,False,True,True,False,False,False,True,False,False,False,False,False,False,True
1,4.68,ACT,66.5,0,False,True,False,False,True,False,False,False,False,False,False,False,True,False,True,False
1,7.0,OBS,72.0,1,False,True,False,False,True,False,False,False,False,False,False,False,True,True,False,False
0,64.0,ACT,57.0,1,False,False,True,False,True,False,False,False,False,False,True,False,False,False,False,True
0,71.98,OBS,67.0,1,False,True,False,False,True,False,False,False,False,False,False,False,True,True,False,False
0,13.1178082191781,OBS,55.0,1,False,False,True,False,False,False,False,True,False,False,False,False,True,False,True,False
0,89.16,ACT,61.3,1,False,False,True,False,False,False,False,True,False,False,False,False,True,False,True,False
1,9.99,OBS,68.0,1,False,False,False,True,True,False,False,False,False,False,False,False,True,False,True,False
1,31.5945205479452,OBS,81.0,1,False,False,False,True,False,False,False,True,False,False,False,False,True,False,True,False
1,19.9,OBS,76.0,1,True,False,False,False,True,False,False,False,False,False,True,False,False,False,True,False
0,60.6904109589041,OBS,75.0,1,False,False,True,False,False,False,False,True,False,False,False,False,True,False,True,False
1,24.74,ACT,71.0,0,False,False,True,False,True,False,False,False,False,False,True,False,False,False,False,True
0,37.0,OBS,76.0,0,False,True,False,False,True,False,False,False,False,False,True,False,False,True,False,False
1,48.48,OBS,76.94,1,False,False,True,False,True,False,False,False,False,False,False,False,True,False,False,True
0,59.89,OBS,68.0,0,True,False,False,False,True,False,False,False,False,False,False,False,True,True,False,False
1,30.12,OBS,75.0,0,False,False,True,False,True,False,False,False,False,False,True,False,False,False,False,True
1,20.86,ACT,49.0,1,False,True,False,False,True,False,False,False,False,False,True,False,False,False,False,True
1,14.0,OBS,74.0,0,False,True,False,False,True,False,False,False,False,False,True,False,False,False,False,True
0,72.72,OBS,53.4,0,False,False,True,False,True,False,False,False,False,False,False,False,True,False,True,False
1,77.64,OBS,73.45,1,False,False,True,False,False,False,False,True,False,False,False,False,True,False,False,True
1,3.52,OBS,74.0,0,False,False,False,True,True,False,False,False,False,False,True,False,False,False,False,True
1,47.6712328767123,OBS,84.0,1,True,False,False,False,False,False,False,True,False,False,False,False,True,False,True,False
0,63.84,OBS,70.56,0,False,True,False,False,True,False,False,False,False,False,False,False,True,False,False,True
1,4.04,OBS,75.0,1,False,False,True,False,False,False,False,True,False,False,False,False,True,False,True,False
0,66.5424657534247,OBS,63.0,0,True,False,False,False,False,False,False,True,False,False,False,False,True,False,True,False
0,82.5,OBS,66.0,0,True,False,False,False,True,False,False,False,False,False,True,False,False,False,False,True
1,21.0,OBS,54.0,1,False,False,True,False,True,False,False,False,False,False,True,False,False,False,False,True
1,19.0,OBS,66.0,1,False,True,False,False,True,False,False,False,False,False,False,False,True,False,True,False
1,44.0,OBS,61.0,1,False,False,True,False,True,False,False,False,False,False,True,False,False,True,False,False
0,67.9232876712329,OBS,79.0,1,False,False,True,False,False,False,False,True,False,False,False,False,True,False,True,False
0,66.0,OBS,57.0,1,False,False,True,False,True,False,False,False,False,False,True,False,False,False,False,True
0,136.68,OBS,64.6,1,False,True,False,False,False,False,False,True,False,False,False,False,True,False,False,True
1,5.78,OBS,68.0,0,False,False,False,True,True,False,False,False,False,False,True,False,False,False,False,True
0,38.17,OBS,52.0,0,True,False,False,False,True,False,False,False,False,False,False,False,True,False,False,True
1,8.28,OBS,64.8,1,False,False,True,False,False,False,False,True,False,False,False,False,True,False,True,False
1,22.92,OBS,67.62,0,False,True,False,False,True,False,False,False,False,False,False,False,True,False,True,False
0,63.72,ACT,70.3,1,True,False,False,False,False,False,False,True,False,False,False,False,True,False,True,False
1,89.98,OBS,75.0,0,False,True,False,False,False,False,False,True,False,False,False,False,True,False,True,False
0,97.0,OBS,64.0,1,False,True,False,False,True,False,False,False,False,False,False,False,True,False,False,True
0,37.0,OBS,76.0,0,False,True,False,False,True,False,False,False,False,False,True,False,False,False,False,True
1,31.94,OBS,72.0,0,False,True,False,False,True,False,False,False,False,False,True,False,False,False,True,False
1,38.4,OBS,78.26,1,False,True,False,False,True,False,False,False,False,False,False,False,True,True,False,False
1,17.88,OBS,80.54,1,False,False,True,False,True,False,False,False,False,False,False,False,True,False,False,True
1,96.1,ACT,60.0,0,False,False,True,False,True,False,False,False,False,False,True,False,False,False,False,True
0,61.32,ACT,59.7,1,False,True,False,False,True,False,False,False,False,False,False,False,True,False,True,False
1,24.48,OBS,57.4,0,False,False,True,False,True,False,False,False,False,False,False,False,True,False,True,False
0,34.32,OBS,65.3,1,False,False,True,False,False,False,False,True,False,False,False,False,True,False,True,False
1,7.56164383561644,OBS,66.0,1,False,False,False,True,False,False,False,True,False,False,False,False,True,False,True,False
0,61.7753424657534,OBS,63.0,1,True,False,False,False,False,False,False,True,False,False,False,False,True,False,True,False
1,7.92328767123288,OBS,63.0,1,False,True,False,False,False,False,False,True,False,False,False,False,True,False,True,False
1,7.8,OBS,61.4,0,False,True,False,False,True,False,False,False,False,False,False,False,True,False,True,False
1,17.0,ACT,65.0,0,False,False,False,True,True,False,False,False,False,False,True,False,False,True,False,False
0,48.0,OBS,77.0,1,False,True,False,False,True,False,False,False,False,False,True,False,False,False,False,True
0,62.98,OBS,57.0,0,True,False,False,False,True,False,False,False,False,False,False,False,True,False,False,True
0,59.99,OBS,53.0,1,False,True,False,False,True,False,False,False,False,False,False,False,True,False,False,True
0,50.49,OBS,62.0,0,True,False,False,False,True,False,False,False,False,False,False,False,True,True,False,False
1,42.18,OBS,60.0,1,False,False,True,False,True,False,False,False,False,False,True,False,False,False,False,True
1,61.21,OBS,81.0,1,True,False,False,False,True,False,False,False,False,False,True,False,False,False,False,True
1,129.73,ACT,70.0,1,False,False,True,False,True,False,False,False,False,False,False,False,True,False,True,False
1,22.32,OBS,45.8,0,True,False,False,False,True,False,False,False,False,False,False,False,True,False,True,False
0,68.1,OBS,64.0,0,True,False,False,False,True,False,False,False,False,False,False,False,True,True,False,False
1,27.0575342465753,OBS,64.0,1,False,False,True,False,False,False,False,True,False,False,False,False,True,False,True,False
0,66.0,OBS,62.0,0,False,True,False,False,True,False,False,False,False,False,False,False,True,False,False,True
1,19.92,OBS,70.6,1,False,False,True,False,False,False,False,True,False,False,False,False,True,False,True,False
0,46.0,OBS,67.0,0,True,False,False,False,True,False,False,False,False,False,True,False,False,False,True,False
0,129.8,OBS,67.0,1,False,True,False,False,True,False,False,False,False,False,False,False,True,False,True,False
1,15.0904109589041,OBS,52.0,1,False,False,True,False,False,False,False,True,False,False,False,False,True,False,True,False
0,60.7890410958904,OBS,66.0,1,True,False,False,False,False,False,False,True,False,False,False,False,True,False,True,False
0,37.91,OBS,59.0,1,True,False,False,False,True,False,False,False,False,False,False,False,True,False,False,True
1,41.52,OBS,69.62,1,False,True,False,False,False,False,False,True,False,False,False,False,True,False,False,True
0,65.3260273972603,OBS,83.0,0,False,False,True,False,False,False,False,True,False,False,False,False,True,False,True,False
0,65.88,OBS,49.41,1,False,True,False,False,True,False,False,False,False,False,False,False,True,False,False,True
0,76.3,OBS,44.0,0,True,False,False,False,True,False,False,False,False,False,True,False,False,False,False,True
0,112.06,OBS,64.0,1,False,True,False,False,True,False,False,False,False,False,False,False,True,False,False,True
0,48.65,OBS,66.0,0,False,True,False,False,True,False,False,False,False,False,False,False,True,True,False,False
0,132.2,OBS,50.0,0,False,True,False,False,True,False,False,False,False,False,True,False,False,False,False,True
0,80.45,OBS,70.0,0,False,True,False,False,True,False,False,False,False,False,False,False,True,True,False,False
1,37.55,OBS,74.0,0,False,False,False,True,True,False,False,False,False,False,True,False,False,False,False,True
0,110.68,OBS,75.0,0,True,False,False,False,True,False,False,False,False,False,False,False,True,False,True,False
0,61.841095890411,OBS,63.0,1,False,True,False,False,False,False,False,True,False,False,False,False,True,False,True,False
0,49.4465753424657,OBS,69.0,0,False,True,False,False,False,False,False,True,False,False,False,False,True,False,True,False
0,86.88,ACT,53.0,0,True,False,False,False,False,False,False,True,False,False,False,False,True,False,True,False
1,10.0,OBS,79.0,0,False,False,True,False,True,False,False,False,False,False,True,False,False,True,False,False
0,56.76,OBS,63.8,0,False,False,True,False,False,False,False,True,False,False,False,False,True,False,False,True
1,22.3890410958904,OBS,68.0,0,False,True,False,False,False,False,False,True,False,False,False,False,True,False,True,False
0,105.6,OBS,74.0,0,True,False,False,False,True,False,False,False,False,False,True,False,False,False,False,True
1,54.2,ACT,76.0,0,True,False,False,False,True,False,False,False,False,False,False,False,True,True,False,False
0,60.7890410958904,OBS,69.0,1,True,False,False,False,False,False,False,True,False,False,False,False,True,False,True,False
0,38.76,OBS,61.0,0,True,False,False,False,True,False,False,False,False,False,False,False,True,True,False,False
1,6.0,ACT,66.0,0,False,True,False,False,True,False,False,False,False,False,False,False,True,True,False,False
1,29.88,OBS,72.76,1,True,False,False,False,False,False,False,True,False,False,False,False,True,False,True,False
0,100.76,OBS,64.0,1,False,False,True,False,True,False,False,False,False,False,False,False,True,False,False,True
0,15.0,OBS,50.0,0,True,False,False,False,True,False,False,False,False,False,True,False,False,False,False,True
0,94.16,OBS,70.0,1,True,False,False,False,True,False,False,False,True,False,False,False,False,False,False,True
0,53.2,OBS,67.0,0,True,False,False,False,True,False,False,False,False,False,True,False,False,False,False,True
1,12.0,OBS,73.0,1,True,False,False,False,False,False,False,True,False,False,False,False,True,False,True,False
1,7.82465753424658,OBS,71.0,1,False,True,False,False,False,False,False,True,False,False,False,False,True,False,True,False
0,62.22,OBS,61.0,0,True,False,False,False,True,False,False,False,False,False,False,False,True,False,False,True
1,21.6,OBS,70.96,1,False,False,True,False,True,False,False,False,False,False,False,False,True,False,False,True
1,12.7890410958904,OBS,65.0,1,False,False,True,False,False,False,False,True,False,False,False,False,True,False,True,False
0,32.52,OBS,65.0,0,False,True,False,False,True,False,False,False,False,False,False,False,True,True,False,False
0,78.96,OBS,69.07,0,False,True,False,False,False,False,False,True,False,False,False,False,True,False,False,True
0,95.28,OBS,69.6,1,True,False,False,False,False,False,False,True,False,False,False,False,True,False,True,False
0,94.56,ACT,75.8,1,True,False,False,False,False,False,False,True,False,False,False,False,True,False,True,False
1,48.0,ACT,61.0,0,True,False,False,False,True,False,False,False,False,False,True,False,False,False,False,True
0,53.78,OBS,61.0,0,True,False,False,False,True,False,False,False,False,False,False,False,True,True,False,False
1,23.572602739726,OBS,75.0,1,False,False,False,True,False,False,False,True,False,False,False,False,True,False,True,False
1,14.0,ACT,52.0,0,False,False,False,True,True,False,False,False,False,False,True,False,False,False,False,True
0,60.97,OBS,59.0,1,True,False,False,False,True,False,False,False,False,False,False,False,True,False,False,True
1,157.5,OBS,46.0,1,False,True,False,False,True,False,False,False,False,False,False,False,True,False,True,False
0,166.33,OBS,49.0,0,True,False,False,False,True,False,False,False,False,False,False,False,True,False,True,False
1,52.0,ACT,57.0,0,False,False,False,True,True,False,False,False,False,False,True,False,False,False,False,True
0,63.1890410958904,OBS,70.0,1,False,True,False,False,False,False,False,True,False,False,False,False,True,False,True,False
1,22.92,OBS,68.0,1,False,True,False,False,True,False,False,False,False,False,False,False,True,False,False,True
0,96.0,OBS,60.0,0,False,True,False,False,True,False,False,False,False,False,False,False,True,False,False,True
0,77.83,OBS,63.0,0,False,False,True,False,True,False,False,False,False,False,False,False,True,True,False,False
1,28.25,OBS,72.0,1,False,False,True,False,True,False,False,False,False,True,False,False,False,False,False,True
1,10.32,OBS,57.68,0,False,False,True,False,True,False,False,False,False,False,False,False,True,False,False,True
1,93.84,ACT,70.4,0,False,False,True,False,True,False,False,False,False,False,False,False,True,False,True,False
1,18.8054794520548,OBS,66.0,1,False,False,True,False,False,False,False,True,False,False,False,False,True,False,True,False
0,60.0986301369863,OBS,62.0,0,False,False,False,True,False,False,False,True,False,False,False,False,True,False,True,False
0,62.4,OBS,77.27,0,False,True,False,False,False,False,False,True,False,False,False,False,True,False,False,True
0,70.2,OBS,61.0,1,True,False,False,False,True,False,False,False,False,False,False,False,True,True,False,False
0,147.47,OBS,61.0,1,False,True,False,False,True,False,False,False,False,False,False,False,True,False,True,False
0,43.0,OBS,67.0,1,False,True,False,False,True,False,False,False,False,False,True,False,False,True,False,False
0,61.7424657534247,OBS,70.0,0,False,False,True,False,False,False,False,True,False,False,False,False,True,False,True,False
1,63.96,ACT,52.3,0,False,True,False,False,True,False,False,False,False,False,False,False,True,False,True,False
0,58.92,OBS,49.86,0,True,False,False,False,True,False,False,False,False,False,False,False,True,False,False,True
0,38.52,OBS,74.74,1,True,False,False,False,True,False,False,False,False,False,False,False,True,False,False,True
0,94.61,OBS,50.0,0,True,False,False,False,True,False,False,False,False,False,False,False,True,True,False,False
0,89.28,OBS,87.93,1,False,True,False,False,False,False,False,True,False,False,False,False,True,False,False,True
1,9.4,OBS,54.0,0,False,False,False,True,True,False,False,False,False,False,False,False,True,False,True,False
0,63.5835616438356,OBS,55.0,1,False,False,True,False,False,False,False,True,False,False,False,False,True,False,True,False
1,34.44,ACT,62.1,1,False,True,False,False,True,False,False,False,False,False,False,False,True,False,True,False
1,4.96,OBS,71.0,1,False,False,True,False,True,False,False,False,False,False,False,False,True,False,True,False
1,14.7287671232877,OBS,63.0,1,False,True,False,False,False,False,False,True,False,False,False,False,True,False,True,False
0,68.46,OBS,59.0,1,True,False,False,False,True,False,False,False,False,False,False,False,True,True,False,False
0,80.88,ACT,41.0,0,True,False,False,False,True,False,False,False,False,False,False,False,True,False,True,False
1,18.27,ACT,74.0,1,False,False,True,False,False,False,False,True,False,False,False,False,True,False,True,False
0,60.74,OBS,54.0,0,True,False,False,False,True,False,False,False,False,False,False,False,True,False,False,True
1,37.0,OBS,59.0,1,True,False,False,False,True,False,False,False,False,False,False,False,True,False,False,True
1,20.04,OBS,68.7,1,False,False,True,False,False,False,True,False,False,False,False,False,True,False,False,True
0,34.23,OBS,64.0,0,False,False,True,False,True,False,False,False,False,False,False,False,True,True,False,False
1,40.97,OBS,71.0,0,False,True,False,False,True,False,False,False,False,False,True,False,False,False,False,True
1,14.4,OBS,71.84,0,False,False,True,False,True,False,False,False,False,False,False,False,True,False,False,True
0,48.36,OBS,38.6,0,False,True,False,False,True,False,False,False,False,False,False,False,True,False,True,False
1,59.11,OBS,70.0,1,False,True,False,False,True,False,False,False,False,False,True,False,False,False,True,False
0,92.18,OBS,49.0,1,True,False,False,False,True,False,False,False,False,False,False,False,True,False,False,True
0,66.7397260273973,OBS,60.0,0,True,False,False,False,False,False,False,True,False,False,False,False,True,False,True,False
0,66.6,ACT,61.0,0,False,True,False,False,True,False,False,False,False,True,False,False,False,True,False,False
0,80.76,OBS,61.6,1,True,False,False,False,False,False,False,True,False,False,False,False,True,False,True,False
0,33.6986301369863,OBS,58.0,1,False,False,True,False,False,False,False,True,False,False,False,False,True,False,True,False
0,53.32,OBS,50.0,0,True,False,False,False,True,False,False,False,False,False,False,False,True,True,False,False
1,18.0493150684932,OBS,76.0,1,False,True,False,False,False,False,False,True,False,False,False,False,True,False,True,False
1,21.96,OBS,80.34,1,False,True,False,False,False,False,False,True,False,False,False,False,True,False,False,True
1,9.6,OBS,56.0,1,False,False,False,True,True,False,False,False,False,False,True,False,False,False,False,True
1,15.0,OBS,72.0,0,False,False,True,False,True,False,False,False,False,False,True,False,False,False,False,True
1,8.18630136986301,OBS,68.0,1,False,False,True,False,False,False,False,True,False,False,False,False,True,False,True,False
1,32.5150684931507,OBS,82.0,0,False,False,False,True,False,False,False,True,False,False,False,False,True,False,True,False
0,90.0,ACT,60.0,0,False,True,False,False,True,False,False,False,False,False,False,False,True,False,False,True
0,56.93,OBS,68.0,1,False,True,False,False,True,False,False,False,False,False,False,False,True,False,False,True
0,60.0,OBS,69.0,0,False,True,False,False,True,False,False,False,False,False,True,False,False,False,False,True
1,14.4,ACT,81.3,1,True,False,False,False,False,False,True,False,False,False,False,False,True,False,True,False
1,11.4,OBS,71.35,1,False,True,False,False,False,False,False,True,False,False,False,False,True,False,True,False
0,80.22,OBS,67.0,0,True,False,False,False,True,False,False,False,False,False,False,False,True,True,False,False
0,60.2958904109589,OBS,79.0,1,False,False,True,False,False,False,False,True,False,False,False,False,True,False,True,False
0,73.4,OBS,66.0,0,False,True,False,False,True,False,False,False,False,False,True,False,False,False,False,True
0,63.48,OBS,57.75,0,True,False,False,False,True,False,False,False,False,False,False,False,True,False,False,True
0,28.61,OBS,69.0,1,False,True,False,False,True,False,False,False,False,False,False,False,True,False,False,True
0,56.7,OBS,62.0,1,True,False,False,False,True,False,False,False,False,False,False,False,True,False,False,True
1,23.0,ACT,61.0,1,False,True,False,False,True,False,False,False,False,False,True,False,False,True,False,False
0,52.08,OBS,60.6,1,False,True,False,False,True,False,False,False,False,False,False,False,True,False,False,True
0,160.87,OBS,66.0,1,False,False,True,False,True,False,False,False,False,False,False,False,True,False,True,False
1,71.0,ACT,54.0,1,False,True,False,False,True,False,False,False,False,False,False,False,True,False,False,True
0,61.1835616438356,OBS,73.0,0,False,False,False,True,False,False,False,True,False,False,False,False,True,False,True,False
0,72.0,ACT,62.0,1,False,True,False,False,True,False,False,False,False,False,True,False,False,False,False,True
0,59.89,OBS,67.0,0,False,True,False,False,True,False,False,False,False,False,False,False,True,True,False,False
1,14.76,OBS,65.69,0,True,False,False,False,True,False,False,False,False,False,False,False,True,False,True,False
0,171.06,OBS,54.0,1,False,True,False,False,True,False,False,False,False,False,False,False,True,False,True,False
1,107.1,OBS,62.0,0,True,False,False,False,True,False,False,False,False,False,False,False,True,False,True,False
1,68.88,OBS,55.39,0,True,False,False,False,True,False,False,False,False,False,False,False,True,True,False,False
1,2.28,ACT,63.2,1,False,False,True,False,True,False,False,False,False,False,False,False,True,False,True,False
1,47.4739726027397,OBS,80.0,1,True,False,False,False,False,False,False,True,False,False,False,False,True,False,True,False
0,59.33,OBS,50.0,1,False,True,False,False,True,False,False,False,False,False,False,False,True,False,False,True
1,7.56,ACT,50.5,1,True,False,False,False,False,False,True,False,False,False,False,False,True,False,True,False
1,96.0,OBS,87.0,0,True,False,False,False,True,False,False,False,False,False,True,False,False,True,False,False
0,80.52,ACT,48.8,1,False,False,True,False,False,False,False,True,False,False,False,False,True,False,True,False
0,101.2,OBS,65.0,1,False,True,False,False,True,False,False,False,False,False,True,False,False,False,False,True
1,55.6931506849315,OBS,61.0,1,False,False,True,False,False,False,False,True,False,False,False,False,True,False,True,False
0,38.0,OBS,38.0,0,False,False,False,True,True,False,False,False,False,False,True,False,False,True,False,False
0,1.44,OBS,74.91,0,False,True,False,False,True,False,False,False,False,False,False,False,True,False,False,True
0,38.1,OBS,57.0,0,True,False,False,False,True,False,False,False,False,False,False,False,True,True,False,False
1,19.68,ACT,66.2,1,False,False,True,False,False,False,False,True,False,False,False,False,True,False,True,False
0,60.0,OBS,57.0,0,True,False,False,False,True,False,False,False,False,False,True,False,False,False,False,True
0,103.2,ACT,65.5,1,False,False,True,False,True,False,False,False,False,False,False,False,True,False,True,False
0,104.76,OBS,45.0,0,True,False,False,False,True,False,False,False,False,False,False,False,True,True,False,False
0,49.0,OBS,68.0,0,False,True,False,False,True,False,False,False,False,False,False,False,True,True,False,False
1,67.56,OBS,69.59,0,False,False,True,False,True,False,False,False,False,False,False,False,True,False,False,True
1,9.13,ACT,66.0,1,False,True,False,False,False,False,True,False,False,False,False,False,True,False,True,False
0,88.27,OBS,59.0,0,False,False,True,False,True,False,False,False,False,False,False,False,True,True,False,False
0,34.8493150684932,OBS,76.0,0,False,False,True,False,False,False,False,True,False,False,False,False,True,False,True,False
0,30.0,OBS,64.0,1,False,True,False,False,True,False,False,False,False,False,False,False,True,False,False,True
0,107.5,OBS,65.0,0,False,False,True,False,True,False,False,False,False,False,True,False,False,False,False,True
1,27.56,OBS,65.0,0,False,True,False,False,True,False,False,False,False,False,True,False,False,False,False,True
1,16.8,ACT,78.0,0,False,False,False,True,True,False,False,False,False,False,True,False,False,False,False,True
0,95.0,OBS,53.0,1,False,False,True,False,True,False,False,False,False,False,False,False,True,False,False,True
0,159.6,OBS,59.0,0,True,False,False,False,True,False,False,False,True,False,False,False,False,False,False,True
0,105.75,OBS,35.0,1,True,False,False,False,True,False,False,False,False,False,False,False,True,False,False,True
1,13.0,ACT,62.0,1,False,False,True,False,True,False,False,False,False,False,False,False,True,False,False,True
0,69.72,OBS,69.17,1,False,False,True,False,False,False,False,True,False,False,False,False,True,False,False,True
0,179.66,ACT,70.0,1,False,False,True,False,False,False,False,True,False,False,False,False,True,False,True,False
1,23.59,OBS,77.0,1,True,False,False,False,False,False,False,True,False,False,False,False,True,False,True,False
1,5.65479452054795,OBS,73.0,1,True,False,False,False,False,False,False,True,False,False,False,False,True,False,True,False
0,62.4,OBS,66.38,1,True,False,False,False,True,False,False,False,False,False,False,False,True,False,False,True
0,68.8438356164384,OBS,51.0,1,True,False,False,False,False,False,False,True,False,False,False,False,True,False,True,False
1,13.2,OBS,55.8,1,False,False,True,False,False,False,False,True,False,False,False,False,True,False,True,False
1,7.03,OBS,81.0,0,False,True,False,False,True,False,False,False,False,False,True,False,False,False,False,True
1,4.56986301369863,OBS,84.0,1,True,False,False,False,False,False,False,True,False,False,False,False,True,False,True,False
1,51.7479452054795,OBS,60.0,1,True,False,False,False,False,False,False,True,False,False,False,False,True,False,True,False
0,58.48,OBS,56.0,0,True,False,False,False,True,False,False,False,False,False,False,False,True,True,False,False
0,83.4,ACT,53.3,0,False,True,False,False,True,False,False,False,False,False,False,False,True,False,True,False
1,23.64,OBS,85.48,1,False,True,False,False,False,False,False,True,False,False,False,False,True,False,False,True
0,113.86,OBS,67.0,0,False,True,False,False,True,False,False,False,False,False,False,False,True,True,False,False
0,37.0,OBS,56.0,1,False,True,False,False,True,False,False,False,False,False,False,False,True,False,False,True
0,49.92,OBS,60.08,0,True,False,False,False,True,False,False,False,False,False,False,False,True,False,False,True
1,21.3041095890411,OBS,63.0,1,False,True,False,False,False,False,False,True,False,False,False,False,True,False,True,False
1,27.6,OBS,60.0,1,True,False,False,False,True,False,False,False,False,False,True,False,False,False,False,True
1,27.48,OBS,56.4,1,True,False,False,False,False,False,False,True,False,False,False,False,True,False,True,False
0,47.0,OBS,70.0,0,True,False,False,False,True,False,False,False,False,False,True,False,False,False,False,True
1,15.84,ACT,64.1,1,False,False,True,False,False,False,False,True,False,False,False,False,True,False,True,False
1,26.9,OBS,57.0,1,False,False,False,True,True,False,False,False,False,False,False,False,True,False,True,False
1,48.96,OBS,74.16,0,False,False,True,False,True,False,False,False,False,False,False,False,True,True,False,False
1,44.42,OBS,66.0,0,False,False,False,True,True,False,False,False,False,False,True,False,False,False,False,True
0,34.5205479452055,OBS,66.0,1,False,True,False,False,False,False,False,True,False,False,False,False,True,False,True,False
0,53.52,OBS,67.4,1,True,False,False,False,True,False,False,False,False,False,False,False,True,False,True,False
0,41.89,OBS,46.0,1,False,False,True,False,True,False,False,False,False,False,False,False,True,False,False,True
0,72.0328767123288,OBS,48.0,0,True,False,False,False,False,False,False,True,False,False,False,False,True,False,True,False
0,105.72,OBS,59.4,1,False,True,False,False,True,False,False,False,False,False,False,False,True,False,True,False
1,20.6,ACT,63.0,0,False,True,False,False,True,False,False,False,False,False,False,False,True,False,False,True
1,46.94,OBS,57.0,0,True,False,False,False,True,False,False,False,False,False,False,False,True,False,False,True
1,9.6,OBS,62.17,1,False,False,True,False,True,False,False,False,False,False,False,False,True,False,False,True
0,145.83,ACT,44.0,1,False,False,False,True,False,False,True,False,False,False,False,False,True,False,True,False
1,16.89,ACT,66.0,1,False,False,True,False,True,False,False,False,False,False,False,False,True,False,True,False
1,23.16,OBS,74.9,1,False,True,False,False,True,False,False,False,False,False,False,False,True,False,True,False
0,32.9,ACT,69.0,0,False,False,True,False,True,False,False,False,False,False,False,False,True,True,False,False
0,93.96,OBS,80.83,0,False,True,False,False,True,False,False,False,False,False,False,False,True,False,True,False
1,19.0,OBS,72.0,1,True,False,False,False,True,False,False,False,False,False,True,False,False,False,False,True
0,63.0,OBS,55.0,0,True,False,False,False,True,False,False,False,False,False,False,False,True,False,True,False
0,1.8,OBS,70.38,0,False,True,False,False,True,False,False,False,False,False,False,False,True,True,False,False
0,54.4109589041096,OBS,70.0,1,True,False,False,False,False,False,False,True,False,False,False,False,True,False,True,False
0,42.12,ACT,66.3,0,True,False,False,False,True,False,False,False,False,False,False,False,True,False,True,False
1,130.0,OBS,65.0,1,False,False,True,False,True,False,False,False,False,False,False,False,True,False,True,False
1,36.36,OBS,59.2,1,False,True,False,False,True,False,False,False,False,False,False,False,True,False,True,False
1,105.81,OBS,52.0,0,True,False,False,False,True,False,False,False,False,False,False,False,True,False,True,False
0,99.12,OBS,76.07,1,True,False,False,False,True,False,False,False,False,False,False,False,True,True,False,False
1,48.3287671232877,OBS,71.0,1,False,False,True,False,False,False,False,True,False,False,False,False,True,False,True,False
1,9.86301369863014,OBS,63.0,1,False,True,False,False,False,False,False,True,False,False,False,False,True,False,True,False
0,60.24,OBS,79.28,1,False,True,False,False,True,False,False,False,False,False,False,False,True,False,False,True
0,57.12,OBS,73.4,0,False,False,True,False,False,False,False,True,False,False,False,False,True,False,True,False
0,88.56,OBS,83.87,0,False,False,True,False,False,False,False,True,False,False,False,False,True,False,False,True
0,55.26,OBS,58.0,0,False,True,False,False,True,False,False,False,False,False,False,False,True,True,False,False
1,78.75,ACT,68.0,0,False,False,False,True,True,False,False,False,False,False,False,False,True,False,True,False
0,88.0,OBS,35.0,1,False,True,False,False,True,False,False,False,False,False,False,False,True,False,False,True
0,66.5424657534247,OBS,81.0,1,False,True,False,False,False,False,False,True,False,False,False,False,True,False,True,False
0,72.96,OBS,66.0,0,True,False,False,False,True,False,False,False,False,False,False,False,True,False,False,True
1,43.07,OBS,46.0,0,False,True,False,False,True,False,False,False,False,False,False,False,True,True,False,False
0,50.0,ACT,74.0,0,False,False,True,False,True,False,False,False,False,False,True,False,False,True,False,False
0,75.36,OBS,76.91,1,True,False,False,False,True,False,False,False,False,False,False,False,True,False,False,True
1,34.23,OBS,71.0,0,False,True,False,False,True,False,False,False,False,False,False,False,True,True,False,False
1,47.4739726027397,OBS,68.0,1,False,False,False,True,False,False,False,True,False,False,False,False,True,False,True,False
1,24.72,OBS,69.2,1,False,False,True,False,False,False,False,True,False,False,False,False,True,False,True,False
1,36.25,OBS,48.0,0,False,True,False,False,True,False,False,False,False,False,True,False,False,False,True,False
1,8.7,ACT,48.0,0,False,True,False,False,True,False,False,False,False,False,True,False,False,False,False,True
1,132.5,ACT,54.0,0,True,False,False,False,True,False,False,False,False,False,True,False,False,False,False,True
0,54.63,OBS,58.0,0,True,False,False,False,True,False,False,False,False,False,False,False,True,True,False,False
0,90.72,OBS,74.13,1,True,False,False,False,False,False,False,True,False,False,False,False,True,False,False,True
1,42.9369863013699,OBS,68.0,1,False,False,False,True,False,False,False,True,False,False,False,False,True,False,True,False
0,70.2246575342466,OBS,89.0,0,True,False,False,False,False,False,False,True,False,False,False,False,True,False,True,False
0,58.88,OBS,68.0,1,True,False,False,False,True,False,False,False,False,False,True,False,False,False,True,False
0,74.64,OBS,44.21,0,False,True,False,False,True,False,False,False,False,False,False,False,True,True,False,False
0,62.2684931506849,OBS,62.0,1,False,False,True,False,False,False,False,True,False,False,False,False,True,False,True,False
0,41.0,OBS,57.0,0,False,True,False,False,True,False,False,False,False,False,True,False,False,False,False,True
1,7.2,OBS,69.0,1,False,False,False,True,True,False,False,False,False,False,True,False,False,False,False,True
0,66.72,OBS,72.96,0,True,False,False,False,True,False,False,False,False,False,False,False,True,False,False,True
1,28.1095890410959,OBS,62.0,1,False,False,False,True,False,False,False,True,False,False,False,False,True,False,True,False
0,70.4547945205479,OBS,66.0,1,False,True,False,False,False,False,False,True,False,False,False,False,True,False,True,False
0,71.58,OBS,66.0,0,True,False,False,False,True,False,False,False,False,False,False,False,True,True,False,False
1,78.5,OBS,72.0,1,False,False,True,False,True,False,False,False,False,False,False,False,True,False,True,False
1,13.0,ACT,79.0,0,False,True,False,False,True,False,False,False,False,False,True,False,False,False,False,True
1,63.4191780821918,OBS,82.0,1,False,False,False,True,False,False,False,True,False,False,False,False,True,False,True,False
0,86.8,OBS,73.0,0,True,False,False,False,True,False,False,False,False,False,True,False,False,False,False,True
1,12.02,OBS,70.0,0,False,False,False,True,True,False,False,False,False,False,True,False,False,False,False,True
1,0.2,OBS,59.0,1,False,False,False,True,True,False,False,False,False,False,False,False,True,False,True,False
1,32.0,OBS,69.0,1,False,True,False,False,True,False,False,False,False,False,False,False,True,False,False,True
0,69.0,OBS,69.77,1,False,True,False,False,True,False,False,False,False,False,False,False,True,False,False,True
0,80.0,OBS,54.0,1,True,False,False,False,True,False,False,False,False,False,False,False,True,False,False,True
1,75.56,OBS,69.0,1,False,True,False,False,False,False,False,True,False,False,False,False,True,False,True,False
1,6.6,OBS,82.0,1,False,False,True,False,True,False,False,False,False,False,True,False,False,False,True,False
1,116.46,ACT,47.0,0,False,False,True,False,True,False,False,False,False,False,False,False,True,False,True,False
1,50.2,OBS,66.0,1,False,False,True,False,True,False,False,False,False,False,True,False,False,False,False,True
0,61.0520547945205,OBS,73.0,1,False,True,False,False,False,False,False,True,False,False,False,False,True,False,True,False
1,39.4191780821918,OBS,53.0,1,False,False,False,True,False,False,False,True,False,False,False,False,True,False,True,False
0,65.51,OBS,64.0,0,True,False,False,False,True,False,False,False,False,False,False,False,True,True,False,False
1,29.04,OBS,69.7,1,False,True,False,False,False,False,False,True,False,False,False,False,True,False,False,True
0,69.3041095890411,OBS,69.0,1,False,True,False,False,False,False,False,True,False,False,False,False,True,False,True,False
1,122.4,OBS,69.0,1,False,True,False,False,True,False,False,False,False,False,False,False,True,False,True,False
1,11.7,OBS,69.0,1,False,False,False,True,True,False,False,False,False,False,False,False,True,False,True,False
0,70.6,OBS,62.0,1,True,False,False,False,True,False,False,False,False,False,False,False,True,False,False,True
0,117.6,ACT,73.0,0,False,True,False,False,True,False,False,False,False,False,True,False,False,True,False,False
1,25.95,OBS,60.0,1,False,False,True,False,True,False,False,False,False,False,False,False,True,False,True,False
1,7.2,OBS,83.58,0,True,False,False,False,True,False,False,False,False,False,False,False,True,False,False,True
0,133.64,OBS,62.0,0,True,False,False,False,True,False,False,False,False,False,False,False,True,False,True,False
1,15.77,OBS,73.0,1,False,True,False,False,True,False,False,False,False,False,True,False,False,False,False,True
1,52.44,OBS,73.57,1,False,True,False,False,True,False,False,False,False,False,False,False,True,False,False,True
0,58.1260273972603,OBS,66.0,0,False,True,False,False,False,False,False,True,False,False,False,False,True,False,True,False
0,73.8,OBS,62.91,0,False,False,True,False,False,False,False,True,False,False,False,False,True,False,False,True
0,62.0,OBS,74.0,1,False,True,False,False,True,False,False,False,False,False,True,False,False,False,False,True
1,24.51,OBS,63.0,0,False,True,False,False,True,False,False,False,False,False,True,False,False,False,False,True
0,40.0,OBS,51.0,0,True,False,False,False,True,False,False,False,False,False,False,False,True,False,True,False
0,85.0,OBS,51.0,1,False,True,False,False,True,False,False,False,False,False,True,False,False,False,False,True
1,19.84,OBS,72.0,0,False,True,False,False,True,False,False,False,False,False,True,False,False,False,False,True
0,71.52,OBS,73.79,0,False,True,False,False,False,False,False,True,False,False,False,False,True,False,False,True
1,47.0,ACT,68.0,0,False,True,False,False,True,False,False,False,False,False,True,False,False,False,False,True
1,10.2904109589041,OBS,60.0,1,False,False,False,True,False,False,False,True,False,False,False,False,True,False,True,False
1,49.2493150684932,OBS,69.0,1,True,False,False,False,False,False,False,True,False,False,False,False,True,False,True,False
0,68.7123287671233,OBS,75.0,0,False,False,False,True,False,False,False,True,False,False,False,False,True,False,True,False
1,46.5534246575343,OBS,60.0,1,True,False,False,False,False,False,False,True,False,False,False,False,True,False,True,False
0,104.52,ACT,48.3,1,True,False,False,False,False,False,True,False,False,False,False,False,True,False,True,False
0,74.88,ACT,64.1,1,False,False,True,False,False,False,False,True,False,False,False,False,True,False,True,False
1,32.88,OBS,67.0,0,True,False,False,False,True,False,False,False,False,False,False,False,True,True,False,False
0,8.52,OBS,69.92,1,False,False,True,False,True,False,False,False,False,False,False,False,True,False,False,True
0,79.5287671232877,OBS,80.0,1,True,False,False,False,False,False,False,True,False,False,False,False,True,False,True,False
0,0.164383561643836,OBS,66.0,1,False,True,False,False,False,False,False,True,False,False,False,False,True,False,True,False
0,79.66,OBS,58.0,0,False,True,False,False,True,False,False,False,False,False,False,False,True,True,False,False
0,168.1,OBS,46.0,1,True,False,False,False,True,False,False,False,False,True,False,False,False,False,False,True
0,32.9,ACT,81.0,0,False,False,True,False,True,False,False,False,False,False,False,False,True,True,False,False
1,41.76,OBS,87.11,1,False,True,False,False,False,False,False,True,False,False,False,False,True,False,False,True
0,92.2,OBS,69.0,0,True,False,False,False,True,False,False,False,False,False,True,False,False,False,True,False
0,100.08,OBS,54.83,0,True,False,False,False,False,False,False,True,False,False,False,False,True,False,True,False
0,16.44,OBS,62.68,1,False,False,True,False,True,False,False,False,False,False,False,False,True,False,False,True
0,60.0,OBS,48.8,0,True,False,False,False,True,False,False,False,False,False,False,False,True,True,False,False
1,9.33698630136986,OBS,75.0,1,False,False,True,False,False,False,False,True,False,False,False,False,True,False,True,False
0,66.5095890410959,OBS,65.0,1,True,False,False,False,False,False,False,True,False,False,False,False,True,False,True,False
1,52.0,OBS,67.0,1,False,False,False,True,True,False,False,False,False,False,True,False,False,False,False,True
0,36.07,OBS,60.0,0,False,True,False,False,True,False,False,False,False,False,False,False,True,True,False,False
0,53.39,OBS,62.0,0,False,True,False,False,True,False,False,False,False,False,True,False,False,True,False,False
1,42.5,OBS,57.0,1,False,False,True,False,True,False,False,False,False,False,False,False,True,False,True,False
0,16.44,OBS,63.0,0,False,False,True,False,False,False,False,True,False,False,False,False,True,False,True,False
0,54.53,OBS,58.0,1,True,False,False,False,True,False,False,False,False,False,False,False,True,False,False,True
1,33.2,OBS,68.0,1,False,False,False,True,True,False,False,False,False,False,False,False,True,False,True,False
0,39.03,OBS,77.0,0,True,False,False,False,True,False,False,False,False,False,True,False,False,True,False,False
1,20.7,OBS,63.0,1,True,False,False,False,True,False,False,False,False,False,False,False,True,False,False,True
1,204.0,OBS,74.0,0,False,True,False,False,True,False,False,False,False,True,False,False,False,False,False,True
1,9.0,OBS,62.0,1,False,False,False,True,True,False,False,False,False,False,False,False,True,False,True,False
1,48.0,OBS,64.0,0,True,False,False,False,True,False,False,False,False,False,True,False,False,False,False,True
0,102.69,OBS,67.0,1,False,True,False,False,False,False,False,True,False,False,False,False,True,False,True,False
1,10.2246575342466,OBS,65.0,1,False,False,True,False,False,False,False,True,False,False,False,False,True,False,True,False
1,10.1,OBS,68.0,0,False,True,False,False,True,False,False,False,False,False,True,False,False,False,False,True
0,105.9,OBS,40.0,0,True,False,False,False,True,False,False,False,False,False,True,False,False,False,False,True
0,41.0,OBS,61.0,1,False,True,False,False,True,False,False,False,False,False,True,False,False,False,False,True
1,6.38,OBS,78.0,1,False,False,True,False,True,False,False,False,False,False,True,False,False,False,True,False
0,72.05,OBS,60.0,1,False,True,False,False,True,False,False,False,False,False,True,False,False,False,False,True
0,80.49,OBS,55.0,1,True,False,False,False,True,False,False,False,False,False,False,False,True,False,False,True
0,78.48,ACT,45.4,1,False,False,True,False,False,False,False,True,False,False,False,False,True,False,True,False
1,17.6,ACT,58.0,1,False,False,False,True,True,False,False,False,False,False,True,False,False,False,False,True
0,71.8684931506849,OBS,65.0,1,False,False,True,False,False,False,False,True,False,False,False,False,True,False,True,False
1,55.6931506849315,OBS,74.0,0,False,False,True,False,False,False,False,True,False,False,False,False,True,False,True,False
0,30.91,OBS,65.0,1,True,False,False,False,True,False,False,False,False,False,False,False,True,False,False,True
0,154.5,ACT,59.0,1,True,False,False,False,True,False,False,False,False,False,False,False,True,False,True,False
0,61.14,OBS,54.0,0,True,False,False,False,True,False,False,False,False,False,False,False,True,True,False,False
1,3.24,OBS,66.9,1,False,False,True,False,True,False,False,False,False,False,False,False,True,False,True,False
0,79.627397260274,OBS,79.0,1,False,True,False,False,False,False,False,True,False,False,False,False,True,False,True,False
0,107.0,OBS,59.0,1,False,True,False,False,True,False,False,False,False,False,False,False,True,False,False,True
1,16.1753424657534,OBS,82.0,0,True,False,False,False,False,False,False,True,False,False,False,False,True,False,True,False
0,90.36,ACT,48.2,0,False,False,True,False,False,False,False,True,False,False,False,False,True,False,True,False
1,96.58,ACT,73.0,1,True,False,False,False,False,False,True,False,False,False,False,False,True,False,True,False
1,5.95,OBS,70.0,1,True,False,False,False,False,False,False,True,False,False,False,False,True,False,True,False
1,61.2,OBS,75.0,0,True,False,False,False,True,False,False,False,False,False,True,False,False,False,False,True
0,53.52,OBS,68.0,0,True,False,False,False,True,False,False,False,False,False,False,False,True,True,False,False
0,29.5,OBS,73.0,1,True,False,False,False,True,False,False,False,False,False,False,False,True,False,False,True
1,67.94,OBS,51.0,0,False,True,False,False,True,False,False,False,False,False,False,False,True,False,True,False
0,32.0,OBS,70.0,0,False,True,False,False,True,False,False,False,False,False,False,False,True,True,False,False
0,66.48,OBS,61.59,1,False,False,True,False,True,False,False,False,False,False,False,False,True,True,False,False
0,26.0,OBS,63.0,0,False,False,True,False,True,False,False,False,False,False,True,False,False,False,False,True
0,60.48,OBS,71.47,1,True,False,False,False,False,False,False,True,False,False,False,False,True,False,False,True
1,18.53,OBS,66.0,1,False,False,True,False,True,False,False,False,False,False,False,False,True,False,False,True
0,88.0,OBS,58.0,0,True,False,False,False,True,False,False,False,False,False,True,False,False,False,False,True
0,73.8739726027397,OBS,72.0,0,False,False,True,False,False,False,False,True,False,False,False,False,True,False,True,False
1,74.0,OBS,63.0,1,False,False,True,False,True,False,False,False,False,False,False,False,True,False,False,True
1,21.02,OBS,71.0,1,False,True,False,False,False,False,False,True,False,False,False,False,True,False,True,False
0,84.13,OBS,63.0,1,True,False,False,False,True,False,False,False,False,False,False,False,True,False,False,True
1,31.28,OBS,60.0,0,False,False,False,True,True,False,False,False,False,False,True,False,False,False,True,False
0,85.9068493150685,OBS,68.0,0,True,False,False,False,False,False,False,True,False,False,False,False,True,False,True,False
1,87.42,OBS,69.0,0,False,False,True,False,True,False,False,False,False,False,False,False,True,True,False,False
0,92.52,ACT,68.8,1,False,False,True,False,True,False,False,False,False,False,False,False,True,False,True,False
0,62.0,OBS,65.0,1,False,True,False,False,True,False,False,False,False,False,True,False,False,False,False,True
1,47.8,OBS,66.0,1,False,True,False,False,True,False,False,False,False,False,False,False,True,False,True,False
1,26.16,OBS,60.4,0,True,False,False,False,False,False,True,False,False,False,False,False,True,False,True,False
0,60.8547945205479,OBS,71.0,0,False,True,False,False,False,False,False,True,False,False,False,False,True,False,True,False
1,54.93,OBS,62.0,1,True,False,False,False,True,False,False,False,False,False,True,False,False,False,True,False
0,105.0,OBS,60.0,1,False,True,False,False,True,False,False,False,False,False,False,False,True,False,False,True
1,40.2,OBS,49.0,1,False,False,False,True,True,False,False,False,False,False,False,False,True,False,True,False
0,65.0,OBS,62.0,1,True,False,False,False,True,False,False,False,False,False,True,False,False,False,False,True
1,51.1561643835616,OBS,52.0,1,False,True,False,False,False,False,False,True,False,False,False,False,True,False,True,False
0,54.84,OBS,78.11,0,True,False,False,False,True,False,False,False,False,False,False,False,True,False,False,True
1,13.68,OBS,66.5,1,True,False,False,False,False,False,False,True,False,False,False,False,True,False,True,False
0,52.3,OBS,46.0,0,False,False,True,False,True,False,False,False,False,False,False,False,True,False,True,False
1,69.48,OBS,49.24,1,False,False,True,False,True,False,False,False,False,False,False,False,True,False,False,True
0,89.16,OBS,60.4,0,False,True,False,False,True,False,False,False,False,False,False,False,True,False,True,False
1,13.96,OBS,68.0,1,False,False,True,False,True,False,False,False,False,False,False,False,True,False,False,True
1,16.6027397260274,OBS,65.0,1,False,True,False,False,False,False,False,True,False,False,False,False,True,False,True,False
1,7.0,OBS,75.0,0,False,False,True,False,True,False,False,False,False,False,False,False,True,True,False,False
1,62.5643835616438,OBS,76.0,0,False,True,False,False,False,False,False,True,False,False,False,False,True,False,True,False
1,11.64,OBS,64.73,1,False,True,False,False,True,False,False,False,False,False,False,False,True,False,False,True
0,77.66,OBS,63.0,1,False,False,True,False,True,False,False,False,False,False,False,False,True,False,False,True
0,69.4684931506849,OBS,79.0,1,True,False,False,False,False,False,False,True,False,False,False,False,True,False,True,False
0,96.72,OBS,55.4,0,False,True,False,False,True,False,False,False,False,False,False,False,True,False,True,False
1,32.6,OBS,44.0,1,False,False,False,True,True,False,False,False,False,False,False,False,True,False,True,False
1,32.4,OBS,73.23,1,False,True,False,False,False,False,False,True,False,False,False,False,True,False,True,False
0,11.18,OBS,53.0,0,False,True,False,False,True,False,False,False,False,False,True,False,False,False,True,False
0,36.0,OBS,58.0,1,False,True,False,False,True,False,False,False,False,False,True,False,False,False,False,True
1,8.4,OBS,70.0,1,False,False,True,False,True,False,False,False,False,False,False,False,True,False,True,False
0,37.52,OBS,60.0,1,False,False,True,False,True,False,False,False,False,False,False,False,True,False,False,True
1,20.53,OBS,76.0,1,True,False,False,False,False,False,False,True,False,False,False,False,True,False,True,False
1,5.35890410958904,OBS,64.0,0,False,True,False,False,False,False,False,True,False,False,False,False,True,False,True,False
0,64.8,OBS,67.0,1,False,False,True,False,False,False,False,True,False,False,False,False,True,False,True,False
0,38.0,OBS,65.0,1,False,True,False,False,True,False,False,False,False,False,True,False,False,False,False,True
0,69.041095890411,OBS,68.0,1,False,True,False,False,False,False,False,True,False,False,False,False,True,False,True,False
1,51.96,OBS,71.43,1,False,True,False,False,True,False,False,False,False,False,False,False,True,False,False,True
1,29.6,ACT,74.0,0,False,False,False,True,True,False,False,False,False,False,True,False,False,False,False,True
0,59.16,OBS,63.1,0,True,False,False,False,True,False,False,False,False,False,False,False,True,False,False,True
0,60.96,OBS,60.7,0,True,False,False,False,False,False,False,True,False,False,False,False,True,False,False,True
0,64.8657534246575,OBS,73.0,1,False,False,True,False,False,False,False,True,False,False,False,False,True,False,True,False
0,23.95,OBS,52.0,1,False,True,False,False,True,False,False,False,False,False,False,False,True,False,False,True
0,187.65,OBS,56.0,1,True,False,False,False,True,False,False,False,False,False,False,False,True,False,True,False
1,77.6,ACT,49.0,1,False,False,False,True,True,False,False,False,False,False,True,False,False,False,False,True
0,57.0,ACT,58.0,0,False,False,True,False,True,False,False,False,False,False,True,False,False,False,False,True
1,27.36,OBS,63.5,1,False,False,True,False,True,False,False,False,False,False,False,False,True,False,True,False
0,36.0,OBS,71.0,0,False,False,False,True,True,False,False,False,False,False,True,False,False,False,False,True
0,70.89,OBS,62.0,1,False,True,False,False,True,False,False,False,False,False,False,False,True,False,False,True
0,75.0,OBS,73.0,0,False,False,False,True,True,False,False,False,False,False,True,False,False,True,False,False
0,90.0,OBS,49.53,1,False,False,True,False,False,False,False,True,False,False,False,False,True,False,False,True
0,71.22,OBS,66.0,1,True,False,False,False,True,False,False,False,False,False,False,False,True,False,False,True
0,67.35,OBS,61.0,0,True,False,False,False,True,False,False,False,False,False,False,False,True,True,False,False
1,7.69,ACT,68.0,0,False,False,False,True,True,False,False,False,False,False,True,False,False,False,False,True
0,70.08,OBS,85.91,0,False,True,False,False,True,False,False,False,False,False,False,False,True,True,False,False
0,84.0,OBS,75.0,1,True,False,False,False,True,False,False,False,False,False,False,False,True,True,False,False
1,92.88,OBS,61.07,1,False,True,False,False,False,False,False,True,False,False,False,False,True,False,False,True
1,30.2,OBS,58.0,1,True,False,False,False,True,False,False,False,False,False,False,False,True,False,True,False
1,30.98,OBS,66.0,1,True,False,False,False,True,False,False,False,False,False,False,False,True,False,False,True
1,12.36,OBS,50.12,1,False,False,True,False,True,False,False,False,False,False,False,False,True,False,False,True
1,67.2,OBS,61.86,1,False,False,True,False,False,False,False,True,False,False,False,False,True,False,False,True
0,66.641095890411,OBS,71.0,1,False,True,False,False,False,False,False,True,False,False,False,False,True,False,True,False
0,60.5260273972603,OBS,64.0,0,False,False,True,False,False,False,False,True,False,False,False,False,True,False,True,False
0,66.12,OBS,61.98,1,False,True,False,False,True,False,False,False,False,False,False,False,True,False,False,True
0,50.23,OBS,58.0,1,False,False,True,False,True,False,False,False,False,False,False,False,True,False,False,True
0,25.2,OBS,73.0,0,True,False,False,False,True,False,False,False,False,False,True,False,False,False,False,True
1,76.2,OBS,80.61,1,False,True,False,False,True,False,False,False,False,False,False,False,True,True,False,False
0,49.56,OBS,57.09,0,False,False,True,False,True,False,False,False,False,False,False,False,True,False,False,True
0,81.67,OBS,55.0,0,False,False,True,False,True,False,False,False,False,False,False,False,True,True,False,False
1,41.76,OBS,78.13,1,False,True,False,False,True,False,False,False,False,False,False,False,True,False,False,True
1,18.0,OBS,69.2,1,False,False,True,False,True,False,False,False,False,False,False,False,True,False,True,False
0,46.12,OBS,53.0,0,True,False,False,False,True,False,False,False,False,False,False,False,True,True,False,False
1,0.36,ACT,67.2,0,True,False,False,False,True,False,False,False,False,False,False,False,True,False,True,False
1,52.3397260273973,OBS,74.0,1,False,False,True,False,False,False,False,True,False,False,False,False,True,False,True,False
0,68.9753424657534,OBS,67.0,1,True,False,False,False,False,False,False,True,False,False,False,False,True,False,True,False
0,20.89,OBS,60.0,1,False,False,True,False,True,False,False,False,False,False,False,False,True,False,False,True
0,38.3671232876712,OBS,61.0,1,False,False,True,False,False,False,False,True,False,False,False,False,True,False,True,False
1,38.52,OBS,65.26,1,False,True,False,False,True,False,False,False,False,False,False,False,True,False,False,True
1,36.12,OBS,68.25,1,False,False,True,False,True,False,False,False,False,False,False,False,True,False,False,True
1,32.5479452054795,OBS,78.0,0,True,False,False,False,False,False,False,True,False,False,False,False,True,False,True,False
1,48.8,OBS,66.0,0,False,True,False,False,True,False,False,False,False,False,True,False,False,False,False,True
0,55.91,OBS,57.0,1,True,False,False,False,True,False,False,False,False,False,False,False,True,True,False,False
0,33.41,OBS,48.0,0,False,False,True,False,True,False,False,False,False,False,False,False,True,True,False,False
0,66.6082191780822,OBS,73.0,0,False,False,False,True,False,False,False,True,False,False,False,False,True,False,True,False
1,25.0520547945206,OBS,66.0,1,False,True,False,False,False,False,False,True,False,False,False,False,True,False,True,False
1,2.0,OBS,58.0,1,False,False,False,True,True,False,False,False,False,False,True,False,False,False,False,True
0,77.0,OBS,68.0,1,False,True,False,False,True,False,False,False,False,False,True,False,False,False,False,True
1,9.0,OBS,61.0,0,False,True,False,False,True,False,False,False,False,False,False,False,True,False,False,True
0,40.44,OBS,68.0,0,False,True,False,False,True,False,False,False,False,False,False,False,True,False,False,True
0,54.0,OBS,82.0,0,False,True,False,False,True,False,False,False,False,False,True,False,False,False,False,True
1,8.85,OBS,52.0,0,False,False,True,False,True,False,False,False,False,False,True,False,False,False,True,False
0,147.37,OBS,55.0,0,True,False,False,False,True,False,False,False,False,False,False,False,True,False,True,False
1,18.0,OBS,76.0,1,False,True,False,False,True,False,False,False,False,False,False,False,True,False,False,True
1,25.0,ACT,66.0,1,False,False,False,True,True,False,False,False,False,False,True,False,False,False,True,False
1,5.16,ACT,59.5,0,False,False,True,False,False,False,True,False,False,False,False,False,True,False,True,False
0,70.76,OBS,62.0,0,True,False,False,False,True,False,False,False,False,False,False,False,True,True,False,False
0,66.9041095890411,OBS,65.0,1,False,False,False,True,False,False,False,True,False,False,False,False,True,False,True,False
0,61.79,OBS,64.0,0,True,False,False,False,True,False,False,False,False,False,False,False,True,True,False,False
1,37.68,OBS,70.52,1,True,False,False,False,True,False,False,False,False,False,False,False,True,False,False,True
1,10.8,ACT,75.6,0,True,False,False,False,True,False,False,False,False,False,False,False,True,False,True,False
1,72.0328767123288,OBS,52.0,0,True,False,False,False,False,False,False,True,False,False,False,False,True,False,True,False
0,65.05,OBS,65.0,0,False,False,True,False,True,False,False,False,False,False,False,False,True,True,False,False
1,39.06,OBS,76.0,1,False,True,False,False,True,False,False,False,False,False,True,False,False,False,False,True
1,63.67,OBS,70.0,1,False,False,True,False,False,False,False,True,False,False,False,False,True,False,True,False
0,102.6,OBS,60.8,1,True,False,False,False,False,False,True,False,False,False,False,False,True,False,True,False
0,41.16,OBS,71.22,0,False,True,False,False,True,False,False,False,False,False,False,False,True,True,False,False
0,144.48,OBS,55.68,0,False,True,False,False,False,False,False,True,False,False,False,False,True,False,True,False
0,162.6,OBS,73.0,0,True,False,False,False,True,False,False,False,False,False,True,False,False,False,False,True
1,19.6,OBS,66.0,1,False,False,False,True,True,False,False,False,False,False,False,False,True,False,True,False
0,55.0,ACT,38.0,0,False,True,False,False,True,False,False,False,False,False,False,False,True,False,False,True
0,91.0,OBS,65.0,1,False,True,False,False,True,False,False,False,False,True,False,False,False,False,False,True
0,76.44,OBS,67.6,1,True,False,False,False,True,False,False,False,False,False,False,False,True,False,False,True
1,109.43,OBS,82.0,0,False,True,False,False,True,False,False,False,False,False,False,False,True,False,True,False
1,68.04,ACT,72.4,1,True,False,False,False,False,False,False,True,False,False,False,False,True,False,True,False
1,35.04,OBS,79.62,0,False,True,False,False,True,False,False,False,False,False,False,False,True,False,False,True
1,9.86,OBS,58.0,1,False,False,True,False,True,False,False,False,False,False,False,False,True,False,False,True
1,18.6,OBS,73.0,1,False,True,False,False,True,False,False,False,False,False,True,False,False,False,False,True
0,61.6767123287671,OBS,82.0,1,False,False,False,True,False,False,False,True,False,False,False,False,True,False,True,False
1,10.61,ACT,60.0,0,False,False,False,True,True,False,False,False,False,False,False,False,True,False,True,False
1,53.8520547945205,OBS,68.0,0,False,True,False,False,False,False,False,True,False,False,False,False,True,False,True,False
0,46.85,OBS,65.0,0,True,False,False,False,True,False,False,False,False,False,False,False,True,True,False,False
0,80.0,OBS,54.0,1,True,False,False,False,True,False,False,False,False,False,True,False,False,False,False,True
1,13.01,ACT,59.0,0,False,False,False,True,True,False,False,False,False,False,False,False,True,False,True,False
0,15.24,OBS,78.58,0,True,False,False,False,True,False,False,False,False,False,False,False,True,False,False,True
1,34.76,OBS,79.0,1,False,True,False,False,True,False,False,False,False,False,True,False,False,False,False,True
0,75.07,OBS,67.0,0,True,False,False,False,True,False,False,False,False,False,False,False,True,True,False,False
0,64.1424657534247,OBS,73.0,1,False,False,False,True,False,False,False,True,False,False,False,False,True,False,True,False
1,5.76,OBS,59.11,1,False,False,True,False,False,False,False,True,False,False,False,False,True,False,False,True
0,32.28,OBS,72.67,0,False,True,False,False,True,False,False,False,False,False,False,False,True,True,False,False
0,31.7,ACT,48.0,1,False,False,True,False,True,False,False,False,False,False,True,False,False,False,False,True
1,95.0,ACT,70.0,0,False,False,True,False,True,False,False,False,False,False,False,False,True,False,False,True
1,46.68,OBS,73.63,1,True,False,False,False,True,False,False,False,False,False,False,False,True,False,True,False
0,70.6849315068493,OBS,70.0,0,False,True,False,False,False,False,False,True,False,False,False,False,True,False,True,False
1,5.9,OBS,72.0,0,False,False,False,True,True,False,False,False,False,False,True,False,False,False,False,True
0,111.48,ACT,73.3,1,False,False,True,False,False,False,False,True,False,False,False,False,True,False,True,False
1,44.94,OBS,66.0,0,False,True,False,False,True,False,False,False,True,False,False,False,False,False,False,True
0,104.47,OBS,72.0,0,False,False,True,False,True,False,False,False,False,False,True,False,False,False,False,True
1,17.2931506849315,OBS,81.0,1,False,False,False,True,False,False,False,True,False,False,False,False,True,False,True,False
0,48.69,OBS,64.0,0,False,True,False,False,True,False,False,False,False,False,False,False,True,False,False,True
1,62.3,ACT,61.0,1,False,True,False,False,True,False,False,False,False,False,True,False,False,False,False,True
1,78.0,ACT,67.0,1,False,True,False,False,True,False,False,False,False,False,True,False,False,False,False,True
0,11.7698630136986,OBS,69.0,1,False,True,False,False,False,False,False,True,False,False,False,False,True,False,True,False
0,61.972602739726,OBS,71.0,1,False,True,False,False,False,False,False,True,False,False,False,False,True,False,True,False
0,63.8,OBS,63.0,1,False,True,False,False,True,False,False,False,False,False,True,False,False,False,False,True
1,19.8575342465753,OBS,82.0,0,True,False,False,False,False,False,False,True,False,False,False,False,True,False,True,False
0,32.0,OBS,75.0,0,False,False,True,False,True,False,False,False,False,False,True,False,False,False,False,True
0,85.0,ACT,80.0,0,False,False,True,False,True,False,False,False,False,False,True,False,False,False,False,True
0,98.16,ACT,57.4,1,True,False,False,False,False,False,False,True,False,False,False,False,True,False,True,False
0,47.4,ACT,69.7,0,False,False,True,False,True,False,False,False,False,False,False,False,True,False,True,False
1,23.013698630137,OBS,60.0,1,False,False,False,True,False,False,False,True,False,False,False,False,True,False,True,False
0,68.04,OBS,67.64,0,True,False,False,False,False,False,False,True,False,False,False,False,True,False,False,True
0,69.4,OBS,63.0,0,False,False,True,False,True,False,False,False,False,False,False,False,True,False,True,False
1,4.0,OBS,67.0,1,False,False,True,False,True,False,False,False,False,False,False,False,True,False,False,True
0,110.64,ACT,62.1,1,False,False,True,False,False,False,False,True,False,False,False,False,True,False,True,False
1,33.0,OBS,63.0,0,False,False,False,True,True,False,False,False,False,False,True,False,False,False,False,True
1,24.0,OBS,51.0,0,True,False,False,False,True,False,False,False,False,False,True,False,False,False,False,True
0,32.52,OBS,68.32,0,False,True,False,False,True,False,False,False,False,False,False,False,True,False,True,False
1,49.32,OBS,63.57,1,True,False,False,False,False,True,False,False,False,False,False,False,True,False,False,True
1,108.48,ACT,58.0,1,False,True,False,False,False,False,False,True,False,False,False,False,True,False,True,False
0,53.78,OBS,51.0,1,True,False,False,False,True,False,False,False,False,False,False,False,True,False,False,True
0,64.0,OBS,74.0,1,True,False,False,False,True,False,False,False,False,False,True,False,False,True,False,False
1,68.0,ACT,74.0,1,False,True,False,False,True,False,False,False,False,False,True,False,False,False,False,True
0,72.24,OBS,47.09,1,False,True,False,False,True,False,False,False,False,False,False,False,True,False,False,True
1,57.12,OBS,63.21,1,False,False,True,False,False,True,False,False,False,False,False,False,True,False,False,True
1,8.94,ACT,68.0,0,False,False,False,True,True,False,False,False,False,False,True,False,False,False,False,True
0,60.8,OBS,72.0,1,True,False,False,False,True,False,False,False,False,False,True,False,False,False,False,True
1,5.09,ACT,64.0,0,False,True,False,False,False,False,True,False,False,False,False,False,True,False,True,False
0,61.9068493150685,OBS,61.0,0,False,True,False,False,False,False,False,True,False,False,False,False,True,False,True,False
1,13.2,OBS,61.53,0,False,False,True,False,True,False,False,False,False,False,False,False,True,False,False,True
0,21.8,OBS,70.0,1,True,False,False,False,True,False,False,False,False,False,True,False,False,False,False,True
0,96.24,OBS,40.9,0,False,True,False,False,True,False,False,False,False,False,False,False,True,False,True,False
0,69.05,OBS,70.0,0,True,False,False,False,True,False,False,False,False,False,True,False,False,False,True,False
0,75.2,OBS,65.0,1,False,False,True,False,True,False,False,False,False,False,False,False,True,False,False,True
1,12.0,OBS,77.0,1,False,False,False,True,False,False,False,True,False,False,False,False,True,False,True,False
1,58.2246575342466,OBS,62.0,0,False,True,False,False,False,False,False,True,False,False,False,False,True,False,True,False
0,37.32,OBS,73.02,0,False,True,False,False,True,False,False,False,False,False,False,False,True,False,False,True
0,58.84,OBS,70.0,1,False,True,False,False,True,False,False,False,False,False,True,False,False,False,False,True
0,82.08,OBS,82.36,0,True,False,False,False,True,False,False,False,False,False,False,False,True,False,False,True
0,159.9,OBS,66.0,1,False,True,False,False,True,False,False,False,False,False,True,False,False,False,True,False
1,22.3,OBS,60.0,0,False,False,True,False,True,False,False,False,False,False,True,False,False,False,False,True
0,52.1,OBS,73.0,0,True,False,False,False,True,False,False,False,False,False,True,False,False,False,False,True
0,7.0,OBS,81.0,0,True,False,False,False,True,False,False,False,False,False,True,False,False,False,False,True
1,43.8,OBS,72.0,0,False,True,False,False,True,False,False,False,False,False,True,False,False,False,False,True
1,15.0904109589041,OBS,83.0,1,False,True,False,False,False,False,False,True,False,False,False,False,True,False,True,False
0,83.04,ACT,65.9,0,False,True,False,False,True,False,False,False,False,False,False,False,True,False,True,False
0,61.3479452054794,OBS,48.0,1,False,False,True,False,False,False,False,True,False,False,False,False,True,False,True,False
0,43.27,OBS,68.0,1,False,False,True,False,True,False,False,False,False,False,False,False,True,False,False,True
0,92.52,ACT,47.0,1,False,False,True,False,True,False,False,False,False,False,True,False,False,False,False,True
0,18.48,OBS,73.69,1,False,True,False,False,True,False,False,False,False,False,False,False,True,False,False,True
0,61.7095890410959,OBS,65.0,1,False,True,False,False,False,False,False,True,False,False,False,False,True,False,True,False
1,12.6,OBS,67.0,1,False,True,False,False,False,False,True,False,False,False,False,False,True,False,False,True
1,32.2520547945205,OBS,81.0,0,False,True,False,False,False,False,False,True,False,False,False,False,True,False,True,False
0,54.99,OBS,65.0,1,True,False,False,False,True,False,False,False,False,False,False,False,True,False,False,True
0,33.0,OBS,62.0,1,False,True,False,False,True,False,False,False,False,False,True,False,False,False,False,True
1,132.39,OBS,69.0,1,False,True,False,False,True,False,False,False,False,False,False,False,True,False,True,False
1,41.9835616438356,OBS,63.0,1,False,True,False,False,False,False,False,True,False,False,False,False,True,False,True,False
1,9.2,OBS,68.0,1,True,False,False,False,True,False,False,False,False,False,False,False,True,False,True,False
1,51.0246575342466,OBS,59.0,1,False,False,True,False,False,False,False,True,False,False,False,False,True,False,True,False
1,10.97,ACT,60.0,1,False,False,False,True,False,False,False,True,False,False,False,False,True,False,True,False
0,106.01,OBS,66.0,0,False,True,False,False,True,False,False,False,False,False,False,False,True,False,True,False
1,21.2,OBS,81.0,0,True,False,False,False,True,False,False,False,False,False,True,False,False,True,False,False
1,114.0,ACT,64.0,0,False,False,False,True,True,False,False,False,False,False,True,False,False,False,False,True
1,18.2,OBS,65.0,1,False,False,False,True,True,False,False,False,False,False,True,False,False,False,False,True
0,63.84,OBS,71.5,1,True,False,False,False,False,False,True,False,False,False,False,False,True,False,False,True
1,21.0,OBS,48.0,0,False,False,False,True,True,False,False,False,False,False,True,False,False,True,False,False
0,64.92,OBS,41.95,0,False,True,False,False,True,False,False,False,False,False,False,False,True,True,False,False
1,19.3972602739726,OBS,72.0,1,False,False,True,False,False,False,False,True,False,False,False,False,True,False,True,False
1,92.31,OBS,67.0,1,False,True,False,False,True,False,False,False,False,False,False,False,True,False,True,False
0,83.95,OBS,72.0,0,True,False,False,False,True,False,False,False,False,False,True,False,False,False,True,False
0,108.12,ACT,61.6,1,True,False,False,False,False,False,True,False,False,False,False,False,True,False,True,False
0,15.12,OBS,55.53,0,False,False,True,False,True,False,False,False,False,False,False,False,True,False,True,False
